{"cameraMode":{"drawMode":0,"name":"Shaded","section":"Shading Mode"},"sceneLighting":true,"audioPlay":false,"sceneViewState":{"m_AlwaysRefresh":false,"showFog":true,"showSkybox":true,"showFlares":true,"showImageEffects":true,"showParticleSystems":true,"showVisualEffectGraphs":true,"m_FxEnabled":true},"in2DMode":false,"pivot":{"x":820.6860961914063,"y":112.20880126953125,"z":655.4923095703125},"rotation":{"x":-0.0050636231899261478,"y":-0.9860308766365051,"z":0.1641981154680252,"w":-0.03047965094447136},"size":12.12435531616211,"orthographic":false}